,precision,recall,f1-score,support
EW,0.8540983606557377,0.9671431223315389,0.9071123879167755,5387.0
EA,0.8628005657708628,0.7466340269277846,0.800524934383202,817.0
RRab,0.8327402135231317,0.5894206549118388,0.6902654867256637,397.0
RRc,0.7766624843161857,0.6684665226781857,0.718514219384794,926.0
RRd,0.5,0.07228915662650602,0.12631578947368421,83.0
RS CVn,0.7647058823529411,0.04710144927536232,0.08873720136518772,276.0
LPV,0.9285714285714286,0.5571428571428572,0.6964285714285714,70.0
accuracy,0.8460281548516843,0.8460281548516843,0.8460281548516843,0.8460281548516843
macro avg,0.7885112764557555,0.5211711128420105,0.575414084382554,7956.0
weighted avg,0.8387735143114803,0.8460281548516843,0.8250061021345225,7956.0
