,precision,recall,f1-score,support
EW,0.8542861825930176,0.9675143864859848,0.9073816155988857,5387.0
EA,0.8648648648648649,0.7441860465116279,0.8,817.0
RRab,0.8137931034482758,0.5944584382871536,0.6870451237263464,397.0
RRc,0.7827191867852605,0.6652267818574514,0.7192060712200817,926.0
RRd,0.5,0.08433734939759036,0.14432989690721648,83.0
RS CVn,0.8421052631578947,0.057971014492753624,0.10847457627118644,276.0
LPV,0.9523809523809523,0.5714285714285714,0.7142857142857143,70.0
accuracy,0.8465309200603318,0.8465309200603318,0.8465309200603318,0.8465309200603318
macro avg,0.8014499361757522,0.5264460840658761,0.5829604282870616,7956.0
weighted avg,0.841766692880033,0.8465309200603318,0.8260840703612995,7956.0
