,precision,recall,f1-score,support
EW,0.6759036144578313,1.0,0.8066139468008627,5610.0
EA,0.0,0.0,0.0,852.0
RRab,0.0,0.0,0.0,415.0
RRc,0.0,0.0,0.0,962.0
RRd,0.0,0.0,0.0,88.0
RS CVn,0.0,0.0,0.0,281.0
LPV,0.0,0.0,0.0,92.0
accuracy,0.6759036144578313,0.6759036144578313,0.6759036144578313,0.6759036144578313
macro avg,0.09655765920826162,0.14285714285714285,0.11523056382869468,8300.0
weighted avg,0.4568456960371607,0.6759036144578313,0.5451932821148,8300.0
