,support,f1-score,recall,precision
RRab,415.0,0.0,0.0,0.0
RRd,88.0,0.0,0.0,0.0
EA,852.0,0.0,0.0,0.0
LPV,92.0,0.0,0.0,0.0
accuracy,0.6759036144578313,0.6759036144578313,0.6759036144578313,0.6759036144578313
RRc,962.0,0.0,0.0,0.0
macro avg,8300.0,0.11523056382869468,0.14285714285714285,0.0965576592082616
weighted avg,8300.0,0.5451932821148,0.6759036144578313,0.4568456960371607
EW,5610.0,0.8066139468008627,1.0,0.6759036144578313
RS CVn,281.0,0.0,0.0,0.0
