,precision,recall,f1-score,support
EW,0.6757473481195757,0.9992869875222816,0.8062706745289803,5610.0
EA,0.0,0.0,0.0,853.0
RRab,0.0,0.0,0.0,415.0
RRc,0.0,0.0,0.0,961.0
RRd,0.0,0.0,0.0,88.0
RS CVn,0.0,0.0,0.0,281.0
LPV,0.0,0.0,0.0,92.0
accuracy,0.675421686746988,0.675421686746988,0.675421686746988,0.675421686746988
macro avg,0.09653533544565367,0.14275528393175452,0.11518152493271147,8300.0
weighted avg,0.45674007505431563,0.675421686746988,0.5449612631454915,8300.0
